id;Arme;Poids;Chance (%)
m1911;COLT M1911;2;4,08
arex;AREX ZERO 1;3;6,12
deagle;DESERT EAGLE;2;4,08
magnum;COLT PYTHON .357;2;4,08
rifle;M4A1;2;4,08
ak47;AK-47;3;6,12
famas;FAMAS F1;3;6,12
scar;SCAR-H;2;4,08
smg;MP40;2;4,08
mp5;MP5;3;6,12
p90;FN P90;2;4,08
lmg;RPK;2;4,08
m249;M249 SAW;2;4,08
mg42;MG42;2;4,08
pkm;PKM;2;4,08
sniper;L96A1;2;4,08
svd;DRAGUNOV SVD;2;4,08
barrett;BARRETT M82;1;2,04
shotgun;REMINGTON 870;3;6,12
raygun;PISTOLET À RAYONS;1;2,04
saiga;SAIGA-12;3;6,12
crossbow;ARBALÈTE;2;4,08
m79;M79;1;2,04
