Réglage;Valeur;Unité
Dégâts par coup;20;PV
Délai entre deux coups;1;s
Portée d'attaque;1,3;m
Rayon de collision;0,4;m
Maximum en vie en même temps;22;zombies
Coureurs : à partir de la manche;4;
Coureurs : proportion;25;%
Coureurs : multiplicateur de vitesse;1,5;
Rampants : à partir de la manche;4;
Rampants : proportion;12;%
Rampants : multiplicateur de vitesse;0,45;
Variation de vitesse entre zombies;15;± %
Apparition par une fenêtre;65;%
Distance d'apparition;11 à 60;m d'un joueur
Réapparition si coincé depuis;5;s
Réapparition si plus loin que;90;m
