Manche;Zombies solo;Zombies 2 joueurs;Zombies 3 joueurs;Zombies 4 joueurs;Santé d'un zombie;Vitesse de base (m/s);Intervalle d'apparition (s);Coureurs;Rampants
1;7;12;18;23;100;1,8;1,9;non;non
2;10;18;25;33;130;2;1,8;non;non
3;13;23;33;42;160;2,2;1,7;non;non
4;16;28;40;52;190;2,4;1,6;oui;oui
5;19;33;48;62;220;2,6;1,5;oui;oui
6;22;39;55;72;250;2,8;1,4;oui;oui
7;25;44;63;81;280;3;1,3;oui;oui
8;28;49;70;91;310;3,2;1,2;oui;oui
9;31;54;78;101;340;3,4;1,1;oui;oui
10;34;60;85;111;374;3,6;1;oui;oui
11;37;65;93;120;411;3,8;0,9;oui;oui
12;40;70;100;130;453;4;0,8;oui;oui
13;43;75;108;140;498;4,2;0,7;oui;oui
14;46;81;115;150;548;4,2;0,6;oui;oui
15;49;86;123;159;602;4,2;0,5;oui;oui
16;52;91;130;169;663;4,2;0,4;oui;oui
17;55;96;138;179;729;4,2;0,4;oui;oui
18;58;102;145;189;802;4,2;0,4;oui;oui
19;61;107;153;198;882;4,2;0,4;oui;oui
20;64;112;160;208;970;4,2;0,4;oui;oui
21;67;117;168;218;1067;4,2;0,4;oui;oui
22;70;123;175;228;1174;4,2;0,4;oui;oui
23;73;128;183;237;1291;4,2;0,4;oui;oui
24;76;133;190;247;1420;4,2;0,4;oui;oui
25;79;138;198;257;1562;4,2;0,4;oui;oui
26;82;144;205;267;1719;4,2;0,4;oui;oui
27;85;149;213;276;1890;4,2;0,4;oui;oui
28;88;154;220;286;2079;4,2;0,4;oui;oui
29;91;159;228;296;2287;4,2;0,4;oui;oui
30;94;165;235;306;2516;4,2;0,4;oui;oui
