Touche;Action
ZQSD / WASD;Se déplacer
Souris;Viser
Clic gauche;Tirer
Clic droit;Viser à la mire
Shift;Sprint
Espace;Sauter
R;Recharger
1 / 2 / 3 / molette;Changer d'arme
G;Grenade
E;Acheter, ouvrir une porte, utiliser une machine ou la borne des motos, réanimer (maintenir), monter / descendre d'une moto
ZQSD / WASD (en moto);Accélérer, freiner / reculer, tourner
Espace (en moto);Frein à main
V (en moto);Vue à la 3e personne / à la 1re personne
F;Lampe torche
Espace (devant un obstacle bas);Enjamber
K (maintenir 2 s, si coincé);Se débloquer
V (à pied);Coup de couteau (aussi : clic gauche quand le chargeur et la réserve sont vides)
M;Carte
Échap;"Ferme la carte ou le menu debug ; sinon menu pause (reprise : Échap, ou clic si le navigateur refuse)"
F9 (hôte);Menu debug de l'hôte : 1-4 joueur, T deux fois amener, Y rejoindre, N réanimer, U débloquer les zombies, P perfs
