Réglage;MOTO;GROSSE MOTO;Unité
Places;1;2;
Points de vie;300;500;PV
Vitesse max;76;61;km/h
Réservoir;6;10;L
Autonomie à fond;3;4;min
Seuil d'écrasement;32;25;km/h (en dessous : aucun dégât, un zombie arrête la moto)
Dégâts d'écrasement au seuil / à la vitesse max;58 / 336;67 / 408;PV de zombie
Usure par écrasement;5 (zombie tué) / 12 (survivant);idem;PV de la moto
Choc contre un objet physique (voiture, mobilier, arbre, machine…);(vitesse perdue - 6) x 5;idem;PV de la moto
Choc contre un mur (façade, quai, parapet, porte, marche, bord de l'île);aucun dégât pour la moto;idem;le pilote se blesse comme pour un objet
Choc contre une autre moto;"(vitesse d'approche - 4) x 4, pour chacune ; rebond 1.3 x la vitesse vers l'autre";idem;PV de la moto (la moto garée est un obstacle fixe)
Coup de zombie sur un occupant;10;idem;PV de la moto (le joueur perd 20)
Explosion proche (grenade, M79…);10 % des dégâts infligés aux zombies;idem;
À 0 PV;feu 2 s, explosion (rayon 5 m, 1000 aux zombies, jusqu'à 50 aux joueurs sans jamais les tuer), épave 20 s;idem;
Retour au parking;2 manches après la destruction, PV pleins, 40 % d'essence;idem;
Borne du parking (à pied, moto à moins de 8 m);50 pts par litre + 2 pts par PV;idem;plein + réparation
Bidon d'essence (bonus);+2,5 L, 3 % par zombie tué si une moto est sous 50 %;idem;
Panne sèche;réserve < 15 % : bip, ratés < 5 %, à 0 : poussée 3 m/s;idem;
