Réglage;Valeur;Remarque
Repère de la rame;u le long de la rame (+ vers l'avant), w à droite, y hauteur des pieds;"le joueur debout est un point (u, w) de la voie à l'abscisse s + u : il suit la rame sans glisser, modules articulés compris ; réseau : p_state porte vh (identifiant de la rame), lx = w, ly = y, lz = -u, lyw (cap relatif)"
Collision locale;cercle de 0,3 m contre des boîtes (sièges, pupitres, bouts, parois à 1,15 m de l'axe);"allée entre les banquettes étroite ; plancher à 0,32 m ; pas de saut ni d'enjambement dans la rame"
Monter à pied;rame à moins de 1,5 m/s, portes ouvertes à plus de 60 %;pousser contre une porte ouverte (à moins de 1,78 m de l'axe) ou E à moins de 2,4 m d'une porte
Descendre à pied;dépasser 1,45 m de l'axe dans une ouverture;"refusé tant que la rame roule (message « TRAM EN MARCHE ») ; les portes ne s'ouvrent qu'à l'arrêt"
S'asseoir / se lever;"E à moins de 1,35 m d'un siège libre ; E assis : on se lève dans la rame";"conducteur ou passager ; les coéquipiers voient l'avatar assis ou debout"
Portes (touche);"O : conducteur ; sinon, quand personne ne conduit, n'importe quel occupant (via l'hôte)";H : gong depuis l'intérieur aussi
Zombies;ne rentrent pas dans la rame et ne la traversent pas;"une porte ouverte les attire (ils se massent devant, à 0,55 m de la caisse) ; ils frappent le joueur à moins de 1,3 m ; ailleurs la caisse encaisse (2 PV)"
Tir, grenades, couteau, réanimation;comme à pied;"la grenade garde la vitesse de la rame, ignore la caisse et rebondit sur le plancher ; pas de fente du couteau"
Menu debug (F9), déblocage;"F9 : l'hôte rejoint un coéquipier debout dans la rame (repère local) ; K : replace dans l'allée";un joueur téléporté sort de la rame
